<?xml version="1.0" encoding="UTF-8"?>
<jcr:root xmlns:sling="http://sling.apache.org/jcr/sling/1.0" xmlns:cq="http://www.day.com/jcr/cq/1.0" xmlns:jcr="http://www.jcp.org/jcr/1.0" xmlns:nt="http://www.jcp.org/jcr/nt/1.0"
    jcr:primaryType="cq:Page">
    <jcr:content
        cq:lastModified="{Date}2020-07-09T08:41:51.409-07:00"
        cq:lastModifiedBy="admin"
        cq:tags="[]"
        cq:template="/conf/wknd/settings/wcm/templates/experience-fragment-web-variation-template"
        cq:xfVariantType="web"
        jcr:primaryType="cq:PageContent"
        jcr:title="Byline"
        sling:resourceType="wknd/components/xfpage">
        <root
            jcr:primaryType="nt:unstructured"
            sling:resourceType="wknd/components/container">
            <container
                jcr:created="{Date}2019-09-13T14:22:51.213-07:00"
                jcr:createdBy="admin"
                jcr:lastModified="{Date}2020-07-09T08:41:51.341-07:00"
                jcr:lastModifiedBy="admin"
                jcr:primaryType="nt:unstructured"
                sling:resourceType="wknd/components/container"
                layout="responsiveGrid">
                <separator_copy
                    jcr:created="{Date}2019-09-25T14:33:55.691-07:00"
                    jcr:createdBy="admin"
                    jcr:lastModified="{Date}2019-09-25T14:33:55.691-07:00"
                    jcr:lastModifiedBy="admin"
                    jcr:primaryType="nt:unstructured"
                    sling:resourceType="wknd/components/separator"/>
                <byline_copy
                    jcr:created="{Date}2019-09-25T14:32:57.008-07:00"
                    jcr:createdBy="admin"
                    jcr:lastModified="{Date}2019-10-27T21:20:12.824-07:00"
                    jcr:lastModifiedBy="admin"
                    jcr:primaryType="nt:unstructured"
                    sling:resourceType="wknd/components/byline"
                    fileReference="/content/dam/wknd/en/contributors/alex-iby-343837.jpg"
                    name="Jake Hammer"
                    occupations="[Influencer,Writer]">
                    <cq:responsive jcr:primaryType="nt:unstructured">
                        <default
                            jcr:primaryType="nt:unstructured"
                            offset="0"
                            width="9"/>
                        <phone
                            jcr:primaryType="nt:unstructured"
                            offset="0"
                            width="12"/>
                        <tablet
                            jcr:primaryType="nt:unstructured"
                            offset="0"
                            width="12"/>
                    </cq:responsive>
                </byline_copy>
                <button
                    cq:masterBuildingBlock="{Boolean}true"
                    cq:styleIds="[1571358661842]"
                    jcr:created="{Date}2019-09-25T14:34:47.572-07:00"
                    jcr:createdBy="admin"
                    jcr:lastModified="{Date}2019-10-18T13:08:21.699-07:00"
                    jcr:lastModifiedBy="admin"
                    jcr:primaryType="nt:unstructured"
                    jcr:title="Jake Hammer Social Media Buttons"
                    sling:resourceType="cq/experience-fragments/editor/components/buildingblock">
                    <button50238191166558
                        cq:styleIds="[1568839776757,1570758781253]"
                        jcr:lastModified="{Date}2019-10-18T13:08:47.063-07:00"
                        jcr:lastModifiedBy="admin"
                        jcr:primaryType="nt:unstructured"
                        jcr:title="Facebook"
                        sling:resourceType="wknd/components/button"
                        accessibilityLabel="Facebook jakehammer"
                        icon="facebook"
                        link="#facebook-jakehammer">
                        <cq:responsive jcr:primaryType="nt:unstructured">
                            <default
                                jcr:primaryType="nt:unstructured"
                                offset="0"
                                width="1"/>
                        </cq:responsive>
                    </button50238191166558>
                    <item50238191937479
                        cq:styleIds="[1568839776757,1570758781253]"
                        jcr:created="{Date}2019-09-25T14:34:47.572-07:00"
                        jcr:createdBy="admin"
                        jcr:lastModified="{Date}2019-10-18T13:08:58.365-07:00"
                        jcr:lastModifiedBy="admin"
                        jcr:primaryType="nt:unstructured"
                        jcr:title="Twitter"
                        sling:resourceType="wknd/components/button"
                        accessibilityLabel="Twitter"
                        icon="twitter"
                        link="#twitter-jakehammer">
                        <cq:responsive jcr:primaryType="nt:unstructured">
                            <default
                                jcr:primaryType="nt:unstructured"
                                offset="0"
                                width="1"/>
                        </cq:responsive>
                    </item50238191937479>
                    <item50238193085004
                        cq:styleIds="[1568839776757,1570758781253]"
                        jcr:created="{Date}2019-09-25T14:34:47.572-07:00"
                        jcr:createdBy="admin"
                        jcr:lastModified="{Date}2019-10-18T13:09:11.107-07:00"
                        jcr:lastModifiedBy="admin"
                        jcr:primaryType="nt:unstructured"
                        jcr:title="Instagram"
                        sling:resourceType="wknd/components/button"
                        accessibilityLabel="instagram jakehammer"
                        icon="instagram"
                        link="#instagram-jakehammer">
                        <cq:responsive jcr:primaryType="nt:unstructured">
                            <default
                                jcr:primaryType="nt:unstructured"
                                offset="0"
                                width="1"/>
                        </cq:responsive>
                    </item50238193085004>
                    <cq:responsive jcr:primaryType="nt:unstructured">
                        <default
                            jcr:primaryType="nt:unstructured"
                            offset="0"
                            width="3"/>
                        <tablet
                            jcr:primaryType="nt:unstructured"
                            offset="0"
                            width="12"/>
                        <phone
                            jcr:primaryType="nt:unstructured"
                            offset="0"
                            width="12"/>
                    </cq:responsive>
                </button>
            </container>
        </root>
    </jcr:content>
</jcr:root>
