<?xml version="1.0" encoding="UTF-8"?>
<jcr:root xmlns:sling="http://sling.apache.org/jcr/sling/1.0" xmlns:cq="http://www.day.com/jcr/cq/1.0" xmlns:jcr="http://www.jcp.org/jcr/1.0" xmlns:nt="http://www.jcp.org/jcr/nt/1.0"
    jcr:primaryType="nt:unstructured"
    jcr:title="Sample-Component"
    sling:resourceType="cq/gui/components/authoring/dialog"
    helpPath="https://www.adobe.com/go/aem6_5_docs_component_en#Title - HTL">
    <content
        jcr:primaryType="nt:unstructured"
        sling:resourceType="granite/ui/components/foundation/container">
        <layout
            jcr:primaryType="nt:unstructured"
            sling:resourceType="granite/ui/components/foundation/layouts/fixedcolumns"
            margin="{Boolean}false"/>
        <items jcr:primaryType="nt:unstructured">
            <column
                jcr:primaryType="nt:unstructured"
                sling:resourceType="granite/ui/components/foundation/container">
                <items jcr:primaryType="nt:unstructured">
                    <fname
                        jcr:primaryType="nt:unstructured"
                        sling:resourceType="granite/ui/components/coral/foundation/form/textfield"
                        emptyText="Enter the First Name."
                        fieldDescription="Enter The First Name."
                        fieldLabel="First Name"
                        name="./fname"
                        required="{Boolean}true"/>

                    <lname
                        jcr:primaryType="nt:unstructured"
                        sling:resourceType="granite/ui/components/coral/foundation/form/textfield"
                        emptyText="Enter the Last Name."
                        fieldDescription="Enter The Last Name."
                        fieldLabel="Last Name"
                        name="./lname"
                        required="{Boolean}true"/>
                    
                    <languages
                        jcr:primaryType="nt:unstructured"
                        sling:resourceType="granite/ui/components/foundation/form/multifield"
                        fieldDescription="Click 'Add field' to add new content dropdown."
                        fieldLabel="Your Favourite Language">
                        <field
                            jcr:primaryType="nt:unstructured"
                            sling:resourceType="granite/ui/components/foundation/form/textfield"
                            name="./languages"
                            required="true"/>
                    </languages>

                    <userImage
                        jcr:primaryType="nt:unstructured"
                        sling:resourceType="granite/ui/components/coral/foundation/form/pathbrowser"
                        fieldDescription="enter image path"
                        fieldLabel="User Image"
                        name="./userImage"
                        rootPath="/content/dam"/>

                    <userInformation
                                jcr:primaryType="nt:unstructured"
                                sling:resourceType="granite/ui/components/coral/foundation/form/multifield"
                                composite="{Boolean}true"
                                fieldDescription="Click 'Add Field' to add a new Information."
                                fieldLabel="User Information"
                                required="{Boolean}false">
                                <field
                                    jcr:primaryType="nt:unstructured"
                                    sling:resourceType="granite/ui/components/coral/foundation/container"
                                    name="./userInformation">
                                    <items jcr:primaryType="nt:unstructured">
                                        <userClass
                                            jcr:primaryType="nt:unstructured"
                                            sling:resourceType="granite/ui/components/coral/foundation/form/textfield"
                                            fieldLabel="User Class"
                                            name="./userClass"/>
                                        <designation
                                            jcr:primaryType="nt:unstructured"
                                            sling:resourceType="granite/ui/components/coral/foundation/form/textfield"
                                            fieldLabel="User Designation"
                                            name="./designation"/>
                                        <age
                                            jcr:primaryType="nt:unstructured"
                                            sling:resourceType="granite/ui/components/coral/foundation/form/textfield"
                                            fieldLabel="User Age"
                                            name="./age"/>
                                    </items>
                                </field>
                            </userInformation>
                    
                </items>
            </column>
        </items>
    
</content>
</jcr:root>