<?xml version="1.0" encoding="UTF-8"?>
<jcr:root xmlns:sling="http://sling.apache.org/jcr/sling/1.0" xmlns:cq="http://www.day.com/jcr/cq/1.0" xmlns:jcr="http://www.jcp.org/jcr/1.0" xmlns:nt="http://www.jcp.org/jcr/nt/1.0"
    jcr:primaryType="cq:Page">
    <heropage/>
    <public/>
    <test/>
    <carousalimages/>
    <carousalsling/>
    <samplelist/>
    <signup/>
    <jcr:content
        cq:redirectTarget="/content/wknd/us/en"
        cq:template="/conf/wknd/settings/wcm/templates/page-content"
        jcr:primaryType="cq:PageContent"
        jcr:title="us"
        sling:resourceType="wknd/components/page">
        <root
            jcr:primaryType="nt:unstructured"
            sling:resourceType="wknd/components/container">
            <container
                jcr:created="{Date}2019-03-19T13:22:52.385-07:00"
                jcr:createdBy="admin"
                jcr:lastModified="{Date}2019-03-19T13:23:39.376-07:00"
                jcr:lastModifiedBy="admin"
                jcr:primaryType="nt:unstructured"
                sling:resourceType="wknd/components/container"/>
            <container_933431667
                jcr:created="{Date}2019-10-25T13:36:37.883-07:00"
                jcr:createdBy="admin"
                jcr:lastModified="{Date}2019-10-25T13:36:41.278-07:00"
                jcr:lastModifiedBy="admin"
                jcr:primaryType="nt:unstructured"
                sling:resourceType="wknd/components/container"/>
        </root>
    </jcr:content>
    <en/>
</jcr:root>
