<?xml version="1.0" encoding="UTF-8"?>
<jcr:root xmlns:sling="http://sling.apache.org/jcr/sling/1.0" xmlns:cq="http://www.day.com/jcr/cq/1.0" xmlns:jcr="http://www.jcp.org/jcr/1.0" xmlns:nt="http://www.jcp.org/jcr/nt/1.0"
    jcr:primaryType="cq:Page">
    <jcr:content
        cq:lastModified="{Date}2022-05-11T13:32:32.546+05:30"
        cq:lastModifiedBy="admin"
        cq:template="/conf/wknd/settings/wcm/templates/page-content"
        jcr:primaryType="cq:PageContent"
        jcr:title="CarousalImages"
        sling:resourceType="wknd/components/page">
        <root
            jcr:primaryType="nt:unstructured"
            sling:resourceType="wknd/components/container"
            layout="responsiveGrid">
            <container
                jcr:primaryType="nt:unstructured"
                sling:resourceType="wknd/components/container"
                layout="responsiveGrid">
                <title
                    jcr:lastModified="{Date}2022-03-30T11:17:25.279+05:30"
                    jcr:lastModifiedBy="admin"
                    jcr:primaryType="nt:unstructured"
                    jcr:title="Welcome To Rajasthan Tourism"
                    sling:resourceType="wknd/components/title"/>
                <container
                    jcr:primaryType="nt:unstructured"
                    sling:resourceType="wknd/components/container"
                    layout="responsiveGrid">
                    <carousalimages
                        jcr:created="{Date}2022-05-06T12:57:42.475+05:30"
                        jcr:createdBy="admin"
                        jcr:lastModified="{Date}2022-05-06T13:47:38.087+05:30"
                        jcr:lastModifiedBy="admin"
                        jcr:primaryType="nt:unstructured"
                        sling:resourceType="wknd/components/carousalimages">
                        <carousal jcr:primaryType="nt:unstructured">
                            <item0
                                jcr:primaryType="nt:unstructured"
                                images="/content/dam/wknd/j15.jpg"/>
                            <item1
                                jcr:primaryType="nt:unstructured"
                                images="/content/dam/wknd/j2.jpg"/>
                        </carousal>
                    </carousalimages>
                    <vertical_slider2
                        jcr:created="{Date}2022-05-11T13:28:29.685+05:30"
                        jcr:createdBy="admin"
                        jcr:lastModified="{Date}2022-05-11T13:29:37.053+05:30"
                        jcr:lastModifiedBy="admin"
                        jcr:primaryType="nt:unstructured"
                        sling:resourceType="wknd/components/vertical-slider2">
                        <carousal jcr:primaryType="nt:unstructured">
                            <item0
                                jcr:primaryType="nt:unstructured"
                                description="aaaaaaaaaaaa"
                                images="/content/dam/air.jpg"
                                title="aaa"/>
                            <item1
                                jcr:primaryType="nt:unstructured"
                                description="aaaaaaaaaa"
                                images="/content/dam/OIP.jpg"
                                title="aaaaa"/>
                            <item2
                                jcr:primaryType="nt:unstructured"
                                description="b"
                                images="/content/dam/wknd/j2.jpg"
                                title="a"/>
                            <item3
                                jcr:primaryType="nt:unstructured"
                                description="q"
                                images="/content/dam/j9.jpg"
                                title="w"/>
                            <item4
                                jcr:primaryType="nt:unstructured"
                                description="qq"
                                images="/content/dam/j8.jpg"
                                title="q"/>
                        </carousal>
                    </vertical_slider2>
                </container>
            </container>
        </root>
    </jcr:content>
</jcr:root>
