<?xml version="1.0" encoding="UTF-8"?>
<jcr:root xmlns:sling="http://sling.apache.org/jcr/sling/1.0" xmlns:cq="http://www.day.com/jcr/cq/1.0" xmlns:jcr="http://www.jcp.org/jcr/1.0" xmlns:nt="http://www.jcp.org/jcr/nt/1.0"
    jcr:primaryType="cq:Page">
    <newcomponent/>
    <carriers-page/>
    <signup/>
    <home/>
    <students-information/>
    <jcr:content
        cq:contextHubPath="/etc/cloudsettings/default/contexthub"
        cq:contextHubSegmentsPath="/etc/segmentation/contexthub"
        cq:lastModified="{Date}2022-03-28T17:12:00.835+05:30"
        cq:lastModifiedBy="admin"
        cq:template="/conf/wknd/settings/wcm/templates/page-content"
        jcr:mixinTypes="[]"
        jcr:primaryType="cq:PageContent"
        jcr:title="en"
        sling:resourceType="wknd/components/page"
        pageTitle="WKND Sites Project">
        <root
            jcr:mixinTypes="[]"
            jcr:primaryType="nt:unstructured"
            sling:resourceType="wknd/components/container"
            layout="responsiveGrid">
            <container
                jcr:mixinTypes="[]"
                jcr:primaryType="nt:unstructured"
                sling:resourceType="wknd/components/container">
                <title
                    jcr:primaryType="nt:unstructured"
                    sling:resourceType="wknd/components/title"/>
                <container
                    jcr:mixinTypes="[]"
                    jcr:primaryType="nt:unstructured"
                    sling:resourceType="wknd/components/container"
                    layout="responsiveGrid">
                    <teaser
                        jcr:description="&lt;p>Don't stop half way, go for the top!&lt;/p>&#xd;&#xa;"
                        jcr:mixinTypes="[]"
                        jcr:primaryType="nt:unstructured"
                        jcr:title="Epic Journey"
                        sling:resourceType="wknd/components/teaser"
                        actionsEnabled="false"
                        descriptionFromPage="false"
                        textIsRich="true"
                        titleFromPage="false">
                        <cq:responsive jcr:primaryType="nt:unstructured">
                            <default
                                jcr:primaryType="nt:unstructured"
                                offset="0"
                                width="4"/>
                        </cq:responsive>
                        <actions
                            cq:lastRolledout="{Date}2020-09-30T17:38:06.514-07:00"
                            cq:lastRolledoutBy="admin"
                            jcr:mixinTypes="[cq:LiveRelationship]"
                            jcr:primaryType="nt:unstructured">
                            <item0
                                cq:lastRolledout="{Date}2020-09-30T17:38:06.517-07:00"
                                cq:lastRolledoutBy="admin"
                                jcr:mixinTypes="[cq:LiveRelationship]"
                                jcr:primaryType="nt:unstructured"
                                link="/content/wknd/us/en/magazine/western-australia"
                                text="Full Article"/>
                        </actions>
                    </teaser>
                    <teaser_copy
                        jcr:description="&lt;p>Don't stop half way, go for the top!&lt;/p>&#xd;&#xa;"
                        jcr:primaryType="nt:unstructured"
                        jcr:title="Epic Journey"
                        sling:resourceType="wknd/components/teaser"
                        actionsEnabled="false"
                        descriptionFromPage="false"
                        textIsRich="true"
                        titleFromPage="false">
                        <cq:responsive jcr:primaryType="nt:unstructured">
                            <default
                                jcr:primaryType="nt:unstructured"
                                offset="0"
                                width="4"/>
                        </cq:responsive>
                    </teaser_copy>
                    <teaser_copy_1579324932
                        jcr:description="&lt;p>Don't stop half way, go for the top!&lt;/p>&#xd;&#xa;"
                        jcr:primaryType="nt:unstructured"
                        jcr:title="Epic Journey"
                        sling:resourceType="wknd/components/teaser"
                        actionsEnabled="false"
                        descriptionFromPage="false"
                        textIsRich="true"
                        titleFromPage="false">
                        <cq:responsive jcr:primaryType="nt:unstructured">
                            <default
                                jcr:primaryType="nt:unstructured"
                                offset="0"
                                width="4"/>
                        </cq:responsive>
                    </teaser_copy_1579324932>
                    <helloworld
                        jcr:primaryType="nt:unstructured"
                        sling:resourceType="wknd/components/helloworld"
                        text="lalala :)"/>
                    <image
                        jcr:created="{Date}2022-03-28T12:49:24.653+05:30"
                        jcr:createdBy="admin"
                        jcr:lastModified="{Date}2022-03-28T12:49:24.653+05:30"
                        jcr:lastModifiedBy="admin"
                        jcr:primaryType="nt:unstructured"
                        sling:resourceType="wknd/components/image"
                        fileReference="/content/dam/wknd/j15.jpg"/>
                    <image_418976375
                        jcr:created="{Date}2022-03-28T12:49:28.940+05:30"
                        jcr:createdBy="admin"
                        jcr:lastModified="{Date}2022-03-28T12:49:28.940+05:30"
                        jcr:lastModifiedBy="admin"
                        jcr:primaryType="nt:unstructured"
                        sling:resourceType="wknd/components/image"
                        fileReference="/content/dam/wknd/asset.jpg"/>
                    <cq:responsive
                        cq:lastRolledout="{Date}2020-09-30T17:38:06.506-07:00"
                        cq:lastRolledoutBy="admin"
                        jcr:mixinTypes="[cq:LiveRelationship]"
                        jcr:primaryType="nt:unstructured"/>
                    <title
                        cq:lastRolledout="{Date}2020-09-30T17:38:06.521-07:00"
                        cq:lastRolledoutBy="admin"
                        cq:styleIds="[1568996484405]"
                        jcr:created="{Date}2019-10-21T10:52:07.675-07:00"
                        jcr:createdBy="admin"
                        jcr:lastModified="{Date}2020-09-30T17:38:06.518-07:00"
                        jcr:lastModifiedBy="admin"
                        jcr:mixinTypes="[cq:LiveRelationship]"
                        jcr:primaryType="nt:unstructured"
                        jcr:title="Recent Articles"
                        sling:resourceType="wknd/components/title"
                        type="h2"/>
                    <image_list
                        cq:lastRolledout="{Date}2020-09-30T17:38:06.526-07:00"
                        cq:lastRolledoutBy="admin"
                        jcr:created="{Date}2019-10-18T19:42:10.049-07:00"
                        jcr:createdBy="admin"
                        jcr:lastModified="{Date}2020-09-30T17:38:06.522-07:00"
                        jcr:lastModifiedBy="admin"
                        jcr:mixinTypes="[cq:LiveRelationship]"
                        jcr:primaryType="nt:unstructured"
                        sling:resourceType="wknd/components/image-list"
                        childDepth="1"
                        listFrom="static"
                        pages="[/content/wknd/us/en/magazine/guide-la-skateparks,/content/wknd/us/en/magazine/ski-touring,/content/wknd/us/en/magazine/arctic-surfing,/content/wknd/us/en/magazine/san-diego-surf]"
                        parentPage="/content/wknd/us/en/magazine"
                        sortOrder="desc"
                        tagsMatch="any"/>
                    <button_copy
                        cq:lastRolledout="{Date}2020-09-30T17:38:06.530-07:00"
                        cq:lastRolledoutBy="admin"
                        cq:styleIds="[1570236090914]"
                        jcr:created="{Date}2019-10-25T18:00:29.618-07:00"
                        jcr:createdBy="admin"
                        jcr:lastModified="{Date}2020-09-30T17:38:06.528-07:00"
                        jcr:lastModifiedBy="admin"
                        jcr:mixinTypes="[cq:LiveRelationship]"
                        jcr:primaryType="nt:unstructured"
                        jcr:title="All Articles"
                        sling:resourceType="wknd/components/button"
                        accessibilityLabel="read our articles"
                        link="/content/wknd/us/en/magazine"/>
                    <separator
                        cq:lastRolledout="{Date}2020-09-30T17:38:06.533-07:00"
                        cq:lastRolledoutBy="admin"
                        jcr:created="{Date}2019-10-27T16:13:09.680-07:00"
                        jcr:createdBy="admin"
                        jcr:lastModified="{Date}2020-09-30T17:38:06.532-07:00"
                        jcr:lastModifiedBy="admin"
                        jcr:mixinTypes="[cq:LiveRelationship]"
                        jcr:primaryType="nt:unstructured"
                        sling:resourceType="wknd/components/separator"/>
                    <title_15771435
                        cq:lastRolledout="{Date}2020-09-30T17:38:06.537-07:00"
                        cq:lastRolledoutBy="admin"
                        cq:styleIds="[1568996484405]"
                        jcr:created="{Date}2019-10-21T11:30:37.023-07:00"
                        jcr:createdBy="admin"
                        jcr:lastModified="{Date}2020-09-30T17:38:06.535-07:00"
                        jcr:lastModifiedBy="admin"
                        jcr:mixinTypes="[cq:LiveRelationship]"
                        jcr:primaryType="nt:unstructured"
                        jcr:title="Next Adventures"
                        sling:resourceType="wknd/components/title"
                        type="h2"/>
                </container>
                <carousel
                    cq:lastRolledout="{Date}2020-09-30T17:38:06.439-07:00"
                    cq:lastRolledoutBy="admin"
                    cq:styleIds="[1555545421827]"
                    jcr:created="{Date}2019-10-24T14:45:16.689-07:00"
                    jcr:createdBy="admin"
                    jcr:lastModified="{Date}2020-09-30T17:38:06.430-07:00"
                    jcr:lastModifiedBy="admin"
                    jcr:mixinTypes="[cq:LiveRelationship]"
                    jcr:primaryType="nt:unstructured"
                    sling:resourceType="wknd/components/carousel"
                    autopauseDisabled="false"
                    autoplay="false"
                    delay="5000">
                    <item_1571954853062
                        cq:lastRolledout="{Date}2020-09-30T17:38:06.446-07:00"
                        cq:lastRolledoutBy="admin"
                        cq:panelTitle="WKND Adventures"
                        cq:styleIds="[1555543212672]"
                        jcr:description="&lt;p>With WKND Adventures, you don't just see the world you experinec eit aldkjfa sflkjasfasf.&lt;/p>&#xd;&#xa;"
                        jcr:lastModified="{Date}2020-09-30T17:38:06.443-07:00"
                        jcr:lastModifiedBy="admin"
                        jcr:mixinTypes="[cq:LiveRelationship]"
                        jcr:primaryType="nt:unstructured"
                        jcr:title="WKND Adventures"
                        sling:resourceType="wknd/components/teaser"
                        actionsEnabled="true"
                        descriptionFromPage="true"
                        fileReference="/content/dam/wknd/en/adventures/riverside-camping-australia/AdobeStock_216674449.jpeg"
                        textIsRich="true"
                        titleFromPage="false">
                        <actions
                            cq:lastRolledout="{Date}2020-09-30T17:38:06.448-07:00"
                            cq:lastRolledoutBy="admin"
                            jcr:mixinTypes="[cq:LiveRelationship]"
                            jcr:primaryType="nt:unstructured">
                            <item0
                                cq:lastRolledout="{Date}2020-09-30T17:38:06.452-07:00"
                                cq:lastRolledoutBy="admin"
                                jcr:mixinTypes="[cq:LiveRelationship]"
                                jcr:primaryType="nt:unstructured"
                                link="/content/wknd/us/en/adventures"
                                text="View Trips"/>
                        </actions>
                    </item_1571954853062>
                    <item_1572035298405
                        cq:lastRolledout="{Date}2020-09-30T17:38:06.458-07:00"
                        cq:lastRolledoutBy="admin"
                        cq:panelTitle="San Diego Surf Spots"
                        cq:styleIds="[1555543212672]"
                        jcr:lastModified="{Date}2020-09-30T17:38:06.454-07:00"
                        jcr:lastModifiedBy="admin"
                        jcr:mixinTypes="[cq:LiveRelationship]"
                        jcr:primaryType="nt:unstructured"
                        sling:resourceType="wknd/components/teaser"
                        actionsEnabled="true"
                        descriptionFromPage="true"
                        fileReference="/content/dam/wknd/en/magazine/san-diego-surf-spots/beach-walking.jpg"
                        textIsRich="true"
                        titleFromPage="true">
                        <actions
                            cq:lastRolledout="{Date}2020-09-30T17:38:06.460-07:00"
                            cq:lastRolledoutBy="admin"
                            jcr:mixinTypes="[cq:LiveRelationship]"
                            jcr:primaryType="nt:unstructured">
                            <item0
                                cq:lastRolledout="{Date}2020-09-30T17:38:06.464-07:00"
                                cq:lastRolledoutBy="admin"
                                jcr:mixinTypes="[cq:LiveRelationship]"
                                jcr:primaryType="nt:unstructured"
                                link="/content/wknd/us/en/magazine/san-diego-surf"
                                text="Full Article"/>
                        </actions>
                    </item_1572035298405>
                    <teaser
                        cq:lastRolledout="{Date}2020-09-30T17:38:06.473-07:00"
                        cq:lastRolledoutBy="admin"
                        cq:panelTitle="Downhill Skiing Wyoming"
                        cq:styleIds="[1555543212672]"
                        jcr:created="{Date}2019-10-24T14:45:29.211-07:00"
                        jcr:createdBy="admin"
                        jcr:description="&lt;p>A skiers paradise far from crowds and close to nature with terrain so vast it appears uncharted.&lt;/p>&#xd;&#xa;"
                        jcr:lastModified="{Date}2020-09-30T17:38:06.468-07:00"
                        jcr:lastModifiedBy="admin"
                        jcr:mixinTypes="[cq:LiveRelationship]"
                        jcr:primaryType="nt:unstructured"
                        sling:resourceType="wknd/components/teaser"
                        actionsEnabled="true"
                        descriptionFromPage="false"
                        fileReference="/content/dam/wknd/en/adventures/downhill-skiing-wyoming/AdobeStock_185234795.jpeg"
                        textIsRich="true"
                        titleFromPage="true">
                        <actions
                            cq:lastRolledout="{Date}2020-09-30T17:38:06.474-07:00"
                            cq:lastRolledoutBy="admin"
                            jcr:mixinTypes="[cq:LiveRelationship]"
                            jcr:primaryType="nt:unstructured">
                            <item0
                                cq:lastRolledout="{Date}2020-09-30T17:38:06.478-07:00"
                                cq:lastRolledoutBy="admin"
                                jcr:mixinTypes="[cq:LiveRelationship]"
                                jcr:primaryType="nt:unstructured"
                                link="/content/wknd/us/en/adventures/downhill-skiing-wyoming"
                                text="View Trip"/>
                        </actions>
                    </teaser>
                </carousel>
                <teaser
                    cq:lastRolledout="{Date}2020-09-30T17:38:06.543-07:00"
                    cq:lastRolledoutBy="admin"
                    cq:styleIds="[1572035150600]"
                    jcr:created="{Date}2019-10-21T11:31:11.525-07:00"
                    jcr:createdBy="admin"
                    jcr:description="&lt;p>With WKND Adventures, you don't just see the world-- you experience its cultures, flavors and wonders.&lt;/p>&#xd;&#xa;"
                    jcr:lastModified="{Date}2020-09-30T17:38:06.540-07:00"
                    jcr:lastModifiedBy="admin"
                    jcr:mixinTypes="[cq:LiveRelationship]"
                    jcr:primaryType="nt:unstructured"
                    jcr:title="Experience the world with us"
                    sling:resourceType="wknd/components/teaser"
                    actionsEnabled="true"
                    descriptionFromPage="true"
                    fileReference="/content/dam/wknd/en/adventures/climbing-new-zealand/AdobeStock_140634652.jpeg"
                    textIsRich="true"
                    titleFromPage="true">
                    <actions
                        cq:lastRolledout="{Date}2020-09-30T17:38:06.545-07:00"
                        cq:lastRolledoutBy="admin"
                        jcr:mixinTypes="[cq:LiveRelationship]"
                        jcr:primaryType="nt:unstructured">
                        <item0
                            cq:lastRolledout="{Date}2020-09-30T17:38:06.547-07:00"
                            cq:lastRolledoutBy="admin"
                            jcr:mixinTypes="[cq:LiveRelationship]"
                            jcr:primaryType="nt:unstructured"
                            link="/content/wknd/us/en/adventures/climbing-new-zealand"
                            text="See Trip"/>
                    </actions>
                </teaser>
                <container_1679842506
                    cq:lastRolledout="{Date}2020-09-30T17:38:06.559-07:00"
                    cq:lastRolledoutBy="admin"
                    cq:styleIds="[1554340406437]"
                    jcr:created="{Date}2019-10-21T11:34:41.155-07:00"
                    jcr:createdBy="admin"
                    jcr:lastModified="{Date}2020-09-30T17:38:06.549-07:00"
                    jcr:lastModifiedBy="admin"
                    jcr:mixinTypes="[cq:LiveRelationship]"
                    jcr:primaryType="nt:unstructured"
                    sling:resourceType="wknd/components/container"
                    layout="responsiveGrid">
                    <cq:responsive
                        cq:lastRolledout="{Date}2020-09-30T17:38:06.562-07:00"
                        cq:lastRolledoutBy="admin"
                        jcr:mixinTypes="[cq:LiveRelationship]"
                        jcr:primaryType="nt:unstructured"/>
                    <title
                        cq:lastRolledout="{Date}2020-09-30T17:38:06.566-07:00"
                        cq:lastRolledoutBy="admin"
                        jcr:created="{Date}2019-10-21T11:34:50.251-07:00"
                        jcr:createdBy="admin"
                        jcr:lastModified="{Date}2020-09-30T17:38:06.564-07:00"
                        jcr:lastModifiedBy="admin"
                        jcr:mixinTypes="[cq:LiveRelationship]"
                        jcr:primaryType="nt:unstructured"
                        jcr:title="Where do you want to go?"
                        sling:resourceType="wknd/components/title"
                        type="h3"/>
                    <image_list
                        cq:lastRolledout="{Date}2020-09-30T17:38:06.572-07:00"
                        cq:lastRolledoutBy="admin"
                        jcr:created="{Date}2019-10-21T11:36:26.114-07:00"
                        jcr:createdBy="admin"
                        jcr:lastModified="{Date}2020-09-30T17:38:06.569-07:00"
                        jcr:lastModifiedBy="admin"
                        jcr:mixinTypes="[cq:LiveRelationship]"
                        jcr:primaryType="nt:unstructured"
                        sling:resourceType="wknd/components/image-list"
                        childDepth="1"
                        listFrom="children"
                        maxItems="4"
                        orderBy="title"
                        parentPage="/content/wknd/us/en/adventures"
                        sortOrder="desc"
                        tagsMatch="any"/>
                    <button
                        cq:lastRolledout="{Date}2020-09-30T17:38:06.576-07:00"
                        cq:lastRolledoutBy="admin"
                        cq:styleIds="[1570236090914]"
                        jcr:created="{Date}2019-10-25T18:00:29.618-07:00"
                        jcr:createdBy="admin"
                        jcr:lastModified="{Date}2020-09-30T17:38:06.573-07:00"
                        jcr:lastModifiedBy="admin"
                        jcr:mixinTypes="[cq:LiveRelationship]"
                        jcr:primaryType="nt:unstructured"
                        jcr:title="All Trips"
                        sling:resourceType="wknd/components/button"
                        accessibilityLabel="explore our adventures"
                        link="/content/wknd/us/en/adventures"/>
                    <separator
                        cq:lastRolledout="{Date}2020-09-30T17:38:06.579-07:00"
                        cq:lastRolledoutBy="admin"
                        jcr:created="{Date}2019-10-21T11:37:59.604-07:00"
                        jcr:createdBy="admin"
                        jcr:lastModified="{Date}2020-09-30T17:38:06.577-07:00"
                        jcr:lastModifiedBy="admin"
                        jcr:mixinTypes="[cq:LiveRelationship]"
                        jcr:primaryType="nt:unstructured"
                        sling:resourceType="wknd/components/separator"/>
                </container_1679842506>
            </container>
        </root>
        <cq:LiveSyncConfig
            cq:isDeep="{Boolean}true"
            cq:master="/content/wknd/language-masters/en"
            cq:rolloutConfigs="[/libs/msm/wcm/rolloutconfigs/default]"
            jcr:primaryType="cq:LiveCopy"/>
    </jcr:content>
    <welcome-to-rajasthan-tourism/>
    <demopage/>
    <demopage2/>
</jcr:root>
