<?xml version="1.0" encoding="UTF-8"?>
<jcr:root xmlns:sling="http://sling.apache.org/jcr/sling/1.0" xmlns:cq="http://www.day.com/jcr/cq/1.0" xmlns:jcr="http://www.jcp.org/jcr/1.0" xmlns:nt="http://www.jcp.org/jcr/nt/1.0"
    jcr:primaryType="cq:Page">
    <jcr:content
        cq:lastModified="{Date}2020-11-11T15:09:57.552-08:00"
        cq:lastModifiedBy="admin"
        cq:tags="[]"
        cq:template="/conf/wknd/settings/wcm/templates/experience-fragment-web-variation-template"
        cq:xfVariantType="web"
        jcr:primaryType="cq:PageContent"
        jcr:title="Card"
        sling:resourceType="wknd/components/xfpage">
        <root
            jcr:primaryType="nt:unstructured"
            sling:resourceType="wknd/components/container"
            layout="responsiveGrid">
            <container
                cq:styleIds="[1570043787082]"
                jcr:created="{Date}2019-09-13T14:22:51.213-07:00"
                jcr:createdBy="admin"
                jcr:lastModified="{Date}2019-09-13T14:23:01.260-07:00"
                jcr:lastModifiedBy="admin"
                jcr:primaryType="nt:unstructured"
                sling:resourceType="wknd/components/container"
                layout="responsiveGrid">
                <teaser_copy
                    cq:styleIds="[1605057868937]"
                    jcr:created="{Date}2020-11-11T07:28:49.383-08:00"
                    jcr:createdBy="admin"
                    jcr:description="&lt;p>Surfing in Bali is on the bucket list of every surfer - whether you're a beginner or someone who's been surfing for decades...&lt;/p>&#xd;&#xa;"
                    jcr:lastModified="{Date}2020-11-11T13:26:11.608-08:00"
                    jcr:lastModifiedBy="admin"
                    jcr:primaryType="nt:unstructured"
                    sling:resourceType="wknd/components/teaser"
                    actionsEnabled="true"
                    descriptionFromPage="false"
                    fileReference="/content/dam/wknd/en/adventures/bali-surf-camp/AdobeStock_175749320.jpg"
                    textIsRich="true"
                    titleFromPage="true">
                    <actions jcr:primaryType="nt:unstructured">
                        <item0
                            jcr:primaryType="nt:unstructured"
                            link="/content/wknd/us/en/adventures/bali-surf-camp"
                            text="Bali Surf Camp"/>
                    </actions>
                    <cq:responsive jcr:primaryType="nt:unstructured">
                        <default
                            jcr:primaryType="nt:unstructured"
                            offset="0"
                            width="12"/>
                    </cq:responsive>
                </teaser_copy>
            </container>
        </root>
    </jcr:content>
</jcr:root>
